,TP,FP,TN,FN,Precision,Accuracy,Recall,F1_score,FPR,Specificity
0,496,3,497,4,0.9939879759519038,0.993,0.992,0.9929929929929929,0.006,0.994
